Bookstore name, Street_name,Postcode,Borough
Richmond,"2-6 Hill Street, Richmond , TW9 1TN",TW9 1TN,London Borough of Richmond upon Thames
Romford,"Lockwood Walk, The Liberty, Romford , RM1 3RJ",RM1 3RJ,London Borough of Havering
Orpington,"Unit 16 Nugent Shopping Park, Orpington, BR5 3RP",BR5 3RP,London Borough of Bromley
Uxbridge,"240a Intu Uxbridge, Uxbridge, UB8 1GB",UB8 1GB,London Borough of Hillingdon
Enfield,"26 Church Street, Enfield, EN2 6BE",EN2 6BE,London Borough of Enfield
Bromley,"100 The Glades Shopping Centre, Bromley, BR1 1DJ",BR1 1DJ,London Borough of Bromley
Harrow,"60/62 St Ann's Road, Harrow, HA1 1JX",HA1 1JX,London Borough of Harrow
Barnet,"2 The Spires, Barnet, EN5 5XY",EN5 5XY,London Borough of Barnet
Twickenham,"19 King Street, Twickenham, TW1 3SD",TW1 3SD,London Borough of Richmond upon Thames
Teddington,"65-67 High Street, Teddington, TW11 8HA",TW11 8HA,London Borough of Richmond upon Thames
Croydon,"1063/4/7 Whitgift Centre, Croydon , CR0 1UX",CR0 1UX,London Borough of Croydon
Kingston upon Thames,"Unit S9 The Bentall Centre, Wood Street, Kingston upon Thames, KT1 1TR",KT1 1TR,Royal Borough of Kingston upon Thames
Sutton,"71-81 High Street, Sutton , SM1 1ES",SM1 1ES,London Borough of Sutton
Ilford,"158-160 High Road, Ilford , IG1 1LL",IG1 1LL,London Borough of Redbridge
London - Leadenhall Market,"1-3 Whittington Avenue, London , EC3V 1PJ",EC3V 1PJ,City of London Corporation
London - Canary Wharf (Cabot Place),"15 Cabot Square, Cabot Place East, London, E14 4QT",E14 4QT,London Borough of Tower Hamlets
London - Finchley Road O2 Centre,"Unit 5, O2 Centre, 255 Finchley Road, London, NW3 6LU",NW3 6LU,London Borough of Camden
London - Wandsworth,"Unit 5, Southside Shopping Centre, Wandsworth, London, SW18 4TF",SW18 4TF,London Borough of Wandsworth
London - Wimbledon,"40/42 The Broadway, Wimbledon, London, SW19 1RQ",SW19 1RQ,London Borough of Merton
London - Clapham Junction,"70 St John's Road, Clapham Junction, London, SW11 1PT",SW11 1PT,London Borough of Wandsworth
London - Putney,"5 Exchange Centre, Putney, London, SW15 1TW",SW15 1TW,London Borough of Wandsworth
London - Greenwich,"51 Greenwich Church Street, London, SE10 9BL",SE10 9BL,Royal Borough of Greenwich
London - Tottenham Court Road,"19-20 Tottenham Court Road, London, W1T 1BJ",W1T 1BJ,London Borough of Camden
London - Walthamstow,"Unit 30-31 Selbourne Walk Shopping Centre, Walthamstow, London, E17 7JR",E17 7JR,London Borough of Waltham Forest
London - Kensington,"130 Kensington High Street, London, W8 7RL",W8 7RL,Royal Borough of Kensington and Chelsea
London - Ealing,"64 Ealing Broadway Centre, London, W5 5JY",W5 5JY,London Borough of Ealing
London - Finchley,"782 High Street, North Finchley, London, N12 8JY",N12 8JY,London Borough of Barnet
London - Hatchards - Piccadilly,"187 Piccadilly, London , W1J 9LE",W1J 9LE,City of Westminster
London - Crouch End,"Unit 1, 2-4 The Broadway, Crouch End, London, N8 9SN",N8 9SN,London Borough of Haringey
London - Camden,"128 Camden High Street, London, NW1 0LU",NW1 0LU,London Borough of Camden
London - Gower Street,"82 Gower Street, London , WC1E 6EQ",WC1E 6EQ,London Borough of Camden
London - King's Road,"158 King's Road, Chelsea, London , SW3 3NR",SW3 3NR,Royal Borough of Kensington and Chelsea
London - Trafalgar Square,"The Grand Building, Trafalgar Square, London, WC2N 5EJ",WC2N 5EJ,City of Westminster
London - Chiswick,"220-226 Chiswick High Road, London, W4 1PD",W4 1PD,London Borough of Hounslow
London - Covent Garden,"9-13 Garrick Street, London, WC2E 9AU",WC2E 9AU,City of Westminster
London - Islington,"11 Islington Green, London , N1 2XH",N1 2XH,London Borough of Islington
London - Piccadilly,"203/206 Piccadilly, London, W1J 9HD",W1J 9HD,City of Westminster
London - Notting Hill,"39-41 Notting Hill Gate, London , W11 3JQ",W11 3JQ,Royal Borough of Kensington and Chelsea
London - Hampstead,"68-69 Hampstead High Street, London , NW3 1QP",NW3 1QP,London Borough of Camden
London - Victoria,"Cardinal Place, 88 Victoria Street, London, SW1E 5JL",SW1E 5JL,City of Westminster
London - Blackheath Bookshop,"34 Tranquil Vale, Blackheath, London, SE3 0AX",SE3 0AX,London Borough of Lewisham
London - Liverpool Street Underground Station,"Liverpool Street Underground Station, Central Line Ticket Hall, London, EC2M 7PP",EC2M 7PP,City of London Corporation
London - Hatchards - St Pancras,"Unit 7, St Pancras International Station, Euston Road, London, N1C 4QP",N1C 4QP,London Borough of Camden
